Project Name,Inverter
Aerojet- Camden,PE 1000V Central
Carey,PE 1000V Central
Carey B,PE 1500V Central
Fort Lupton,PE 1000V Central
Haywood,PE 1500V Central
Houston,PE 1000V Central
Kersey,PE 1500V Central
Mavericks,PE 1500V Central
Millington,PE 1500V Central
New Albany A,PE 1000V Central
New Albany B,PE 1000V Central
Platte,PE 1500V Central
Providence,PE 1500V Central
Ripley (Energize),PE 1000V Central
Ripley (PS Lauderdale),PE 1000V Central
Ripley (SEPI),PE 1000V Central
Ripley (SR),PE 1000V Central
Selmer 1,PE 1500V Central
Selmer 2,PE 1500V Central
South Loving,PE 1500V Central
Windsor,PE 1000V Central
,
,
,
,
,
,
,
,
,
,
,
,
,
,
,
,
,
,
,
,
,
,
,
,
,
,
,
,
,
,
,
,
,
,
,
,
,
,
,
,
,
,
,
,
,
,
,
,
,
,
,
,
,
,
,
,
,
,
,
,
,
,
,
,
,
,
,
,
,
,
,
,
,
,
,
,
,
,
,
,
,
